Index,Drug,Protein,score
1,losartan,D018002,173.3048553
2,losartan,BDKRB2,173.3048553
3,losartan,BDKRB1,173.3048553
4,captopril,AGTRAP,173.3048553
5,captopril,AGTR2,173.3048553
6,captopril,D011945,173.3048553
7,captopril,D020778,173.3048553
8,desferrioxamine,CYP39A1,170.1747317
9,desferrioxamine,CYP7B1,170.1747317
10,desferrioxamine,COQ6,170.1747317
11,desferrioxamine,CYP4A11,168.2979615
12,desferrioxamine,D003577,168.2979615
13,losartan,D007610,145.6381886
14,losartan,D011288,145.6381886
15,captopril,D020782,143.6223156
16,glycerophosphocholine,D015105,131.5365079
17,ACA,D005167,128.4844261
18,camostat mesilate,D005167,126.7044261
19,warfarin,CPAH,126.6293959
20,losartan,D007703,126.3338235
21,warfarin,DPP8,124.8227717
22,warfarin,DPP9,124.8227717
23,warfarin,DPP4,124.8227717
24,warfarin,D005174,124.8227717
25,warfarin,D018819,124.8227717
26,warfarin,PPGB,124.8227717
27,warfarin,AEBP1,124.8227717
28,warfarin,CTSC,124.8227717
29,warfarin,XPNPEP2,124.8227717
30,warfarin,PEPD,124.8227717
31,warfarin,PGPEP1,124.8227717
32,warfarin,TRHDE,124.8227717
33,warfarin,DPEP1,124.8227717
34,warfarin,CPVL,124.8227717
35,warfarin,DPEP3,124.8227717
36,warfarin,DPEP2,124.8227717
37,warfarin,RNPEP,124.8227717
38,warfarin,METAP1,124.8227717
39,warfarin,ARTS1,124.8227717
40,warfarin,DPP10,124.8227717
41,warfarin,ONPEP,124.8227717
42,warfarin,XPNPEP1,124.8227717
43,warfarin,METAP2,124.8227717
44,warfarin,CNDP2,124.8227717
45,warfarin,ENSP00000330855,124.8227717
46,warfarin,ENSP00000342447,124.8227717
47,warfarin,CPZ,124.8227717
48,warfarin,D020689,124.8227717
49,warfarin,D043203,124.8227717
50,diisopropylfluorophosphate,VKOR,124.8227717
51,diisopropylfluorophosphate,ARSE,124.8227717
52,diisopropylfluorophosphate,D017306,124.8227717
53,ACA,DPP8,124.8227717
54,ACA,DPP9,124.8227717
55,ACA,DPP4,124.8227717
56,ACA,D005174,124.8227717
57,ACA,D018819,124.8227717
58,ACA,PPGB,124.8227717
59,ACA,AEBP1,124.8227717
60,ACA,CTSC,124.8227717
61,ACA,XPNPEP2,124.8227717
62,ACA,PEPD,124.8227717
63,ACA,PGPEP1,124.8227717
64,ACA,TRHDE,124.8227717
65,ACA,DPEP1,124.8227717
66,ACA,CPVL,124.8227717
67,ACA,DPEP3,124.8227717
68,ACA,DPEP2,124.8227717
69,ACA,RNPEP,124.8227717
70,ACA,METAP1,124.8227717
71,ACA,ARTS1,124.8227717
72,ACA,DPP10,124.8227717
73,ACA,ONPEP,124.8227717
74,ACA,XPNPEP1,124.8227717
75,ACA,METAP2,124.8227717
76,ACA,CNDP2,124.8227717
77,ACA,ENSP00000330855,124.8227717
78,ACA,ENSP00000342447,124.8227717
79,ACA,CPZ,124.8227717
80,ACA,D020689,124.8227717
81,ACA,D043203,124.8227717
82,warfarin,D017306,124.4227717
83,ACA,VKOR,124.4227717
84,ACA,ARSE,124.4227717
85,camostat mesilate,CPAH,123.9955433
86,captopril,D017482,123.8048553
87,warfarin,CTSB,123.3227717
88,warfarin,D002401,123.3227717
89,diisopropylfluorophosphate,CTSB,123.3227717
90,diisopropylfluorophosphate,D002401,123.3227717
91,camostat mesilate,VKOR,123.3227717
92,camostat mesilate,ARSE,123.3227717
93,camostat mesilate,DPP8,123.3227717
94,camostat mesilate,DPP9,123.3227717
95,camostat mesilate,DPP4,123.3227717
96,camostat mesilate,D005174,123.3227717
97,camostat mesilate,D018819,123.3227717
98,camostat mesilate,PPGB,123.3227717
99,camostat mesilate,AEBP1,123.3227717
100,camostat mesilate,CTSC,123.3227717
101,camostat mesilate,XPNPEP2,123.3227717
102,camostat mesilate,PEPD,123.3227717
103,camostat mesilate,PGPEP1,123.3227717
104,camostat mesilate,TRHDE,123.3227717
105,camostat mesilate,DPEP1,123.3227717
106,camostat mesilate,CPVL,123.3227717
107,camostat mesilate,DPEP3,123.3227717
108,camostat mesilate,DPEP2,123.3227717
109,camostat mesilate,RNPEP,123.3227717
110,camostat mesilate,METAP1,123.3227717
111,camostat mesilate,ARTS1,123.3227717
112,camostat mesilate,DPP10,123.3227717
113,camostat mesilate,ONPEP,123.3227717
114,camostat mesilate,XPNPEP1,123.3227717
115,camostat mesilate,METAP2,123.3227717
116,camostat mesilate,CNDP2,123.3227717
117,camostat mesilate,ENSP00000330855,123.3227717
118,camostat mesilate,ENSP00000342447,123.3227717
119,camostat mesilate,CPZ,123.3227717
120,camostat mesilate,D020689,123.3227717
121,camostat mesilate,D043203,123.3227717
122,camostat mesilate,D017306,123.3227717
123,ACA,CTSB,123.3227717
124,ACA,D002401,123.3227717
125,captopril,MAPK12,123.2763772
126,captopril,MAPK14,123.2763772
127,captopril,MAPK11,123.2763772
128,captopril,MAPK13,123.2763772
129,captopril,D048051,123.2763772
130,caffeine,D011976,120.582544
131,diisopropylfluorophosphate,SERPINE1,116.0333046
132,clenbuterol,D018994,112.5503932
133,rapamycin,CYP3A4,112.4178835
134,losartan,KLKB1,112.2632177
135,losartan,KLK1,112.2632177
136,losartan,KLK2,112.2632177
137,clenbuterol,ENSP00000355401,111.9114322
138,captopril,D011347,107.3048553
139,nifedipine,D018047,106.2411448
140,nifedipine,ATM,106.2411448
141,nifedipine,CHEK1,106.2411448
142,caffeine,D020746,105.9728719
143,halothane,D018047,105.4541318
144,halothane,ATM,105.4541318
145,halothane,CHEK1,105.4541318
146,caffeine,KCNK12,105.4541318
147,nifedipine,KCNK12,104.1684175
148,felodipine,KCNK12,104.1684175
149,felodipine,D018047,104.1684175
150,felodipine,ATM,104.1684175
151,felodipine,CHEK1,104.1684175
152,losartan,ACE,104.0733894
153,losartan,KLK13,103.8105978
154,losartan,KLK14,103.8105978
155,losartan,KLK12,103.8105978
156,losartan,KLK8,103.8105978
157,losartan,KLK5,103.8105978
158,losartan,KLK6,103.8105978
159,losartan,KLK15,103.8105978
160,losartan,KLK4,103.8105978
161,losartan,KLK10,103.8105978
162,losartan,KLK7,103.8105978
163,verapamil,ABCC8,102.4459162
164,minoxidil,ABCC8,101.7797619
165,trifluoperazine,ADRB1,100.1250618
166,losartan,C15orf21,100.0068394
167,losartan,APS,100.0068394
168,camostat mesilate,SERPINE1,99.92448107
169,captopril,SERPINE1,99.69704654
170,paraoxon,NR1I3,99.38249299
171,paraoxon,D014366,99.38249299
172,paraoxon,HMOX2,99.38249299
173,paraoxon,D005954,99.38249299
174,paraoxon,D006419,99.38249299
175,paraoxon,TDO2,99.38249299
176,paraoxon,G6PD,99.38249299
177,paraoxon,D000624,99.38249299
178,paraoxon,D001189,99.38249299
179,phenobarbital,D044345,99.38249299
180,captopril,COL9A2,99.3636788
181,captopril,COL10A1,99.3636788
182,captopril,COL1A1,99.3636788
183,captopril,COL12A1,99.3636788
184,captopril,ENSP00000253475,99.3636788
185,captopril,COL21A1,99.3636788
186,captopril,ENSP00000257309,99.3636788
187,captopril,COL23A1,99.3636788
188,captopril,COL1A2,99.3636788
189,captopril,ENSP00000304470,99.3636788
190,captopril,COL3A1,99.3636788
191,captopril,COL22A1,99.3636788
192,captopril,COL6A2,99.3636788
193,captopril,DMH,99.3636788
194,captopril,COL8A2,99.3636788
195,captopril,COL14A1,99.3636788
196,captopril,COL16A1,99.3636788
197,captopril,MFRP,99.3636788
198,captopril,COL6A3,99.3636788
199,captopril,COL25A1,99.3636788
200,captopril,COL7A1,99.3636788
201,captopril,COL13A1,99.3636788
202,captopril,COL11A2,99.3636788
203,captopril,COL4A1,99.3636788
204,captopril,BPAG2,99.3636788
205,captopril,COL9A3,99.3636788
206,captopril,COL4A3,99.3636788
207,captopril,COL2A1,99.3636788
208,captopril,COL5A1,99.3636788
209,captopril,COL11A1,99.3636788
210,captopril,COL9A1,99.3636788
211,captopril,COL4A5,99.3636788
212,captopril,COL18A1,99.3636788
213,captopril,COL27A1,99.3636788
214,captopril,D003094,99.3636788
215,captopril,COL6A1,99.3636788
216,captopril,COL4A6,99.3636788
217,phenobarbital,CYP8B1,97.23899551
218,trifluoperazine,ADRB3,96.84513508
219,trifluoperazine,ADRB2,96.69729455
220,paraoxon,ALAS1,96.61944003
221,paraoxon,ALAS2,96.61944003
222,phenobarbital,CYP26A1,95.48435629
223,phenobarbital,PTGIS,95.48435629
224,phenobarbital,CYP2J2,95.48435629
225,phenobarbital,CYP27A1,95.48435629
226,phenobarbital,CH25H,95.48435629
227,phenobarbital,CYP46A1,95.48435629
228,phenobarbital,CYP20A1,95.48435629
229,phenobarbital,CYP11A1,95.48435629
230,phenobarbital,ENSP00000269703,95.48435629
231,phenobarbital,ENSP00000274118,95.48435629
232,phenobarbital,CYP26C1,95.48435629
233,phenobarbital,CYP4A22,95.48435629
234,phenobarbital,ENSP00000294342,95.48435629
235,phenobarbital,CYP2S1,95.48435629
236,phenobarbital,CYP21A2,95.48435629
237,phenobarbital,CYP2W1,95.48435629
238,phenobarbital,CYP4F11,95.48435629
239,phenobarbital,ENSP00000330650,95.48435629
240,phenobarbital,CYP2U1,95.48435629
241,phenobarbital,CYP2F1,95.48435629
242,phenobarbital,CYP4Z1,95.48435629
243,phenobarbital,CYP2R1,95.48435629
244,phenobarbital,CYP4X1,95.48435629
245,phenobarbital,ENSP00000343074,95.48435629
246,phenobarbital,ENSP00000347006,95.48435629
247,phenobarbital,CYP26B1,95.48435629
248,phenobarbital,CYP51A1,95.48435629
249,phenobarbital,CYP4F2,95.48435629
250,irbesartan,CD1A,94.83566434
251,irbesartan,D016178,94.83566434
252,phenobarbital,CYP4F3,94.81725839
253,phenobarbital,CYP3A5,94.66351454
254,phenobarbital,CYP27B1,94.54435629
255,phenobarbital,CYP24A1,94.54435629
256,lovastatin,D008076,94.49279212
257,phenobarbital,CYP11B1,94.40589476
258,phenobarbital,CYP11B2,94.40589476
259,captopril,EDN1,94.10485528
260,captopril,D044140,94.10485528
261,spironolactone,D011347,93.81676004
262,phenobarbital,CYP17A1,93.6041206
263,ACA,D007610,93.42277167
264,ACA,D011288,93.42277167
265,paraoxon,FECH,93.11277336
266,paraoxon,D005294,93.11277336
267,captopril,FOS,93.06603854
268,warfarin,D007610,92.9815952
269,warfarin,D011288,92.9815952
270,captopril,CYP2C9,92.75455502
271,phenobarbital,CYP4A11,92.37258606
272,phenobarbital,D003577,92.37258606
273,rapamycin,IFNG,92.0456858
274,aminopyrine,COB,91.86626938
275,aminopyrine,D006420,91.86626938
276,aminopyrine,ENSP00000354740,91.86626938
277,aminopyrine,CYC1,91.86626938
278,aminopyrine,CYBRD1,91.86626938
279,aminopyrine,HEBP2,91.86626938
280,aminopyrine,ENSP00000346561,91.86626938
281,aminopyrine,CYBASC3,91.86626938
282,aminopyrine,CYBB,91.86626938
283,aminopyrine,ACO1,91.86626938
284,aminopyrine,D000154,91.86626938
285,aminopyrine,D011990,91.86626938
286,aminopyrine,D014968,91.86626938
287,aminopyrine,D035925,91.86626938
288,aminopyrine,SLC11A2,91.86626938
289,aminopyrine,ACO2,91.86626938
290,aminopyrine,SLC40A1,91.86626938
291,aminopyrine,TFR2,91.86626938
292,aminopyrine,IREB2,91.86626938
293,aminopyrine,TFRC,91.86626938
294,trifluoperazine,D011943,91.68799224
295,camostat mesilate,D007610,91.42277167
296,camostat mesilate,D011288,91.42277167
297,reserpine,ADRA2A,90.40043381
298,reserpine,ADRA2B,90.40043381
299,phenobarbital,CYP19A1,89.40766921
300,captopril,D012083,89.2522581
301,captopril,AGTR1,88.90989729
302,ACA,F13B,88.74394383
303,ACA,RPL29,88.74394383
304,ACA,SERPINB2,88.74394383
305,ACA,F8,88.74394383
306,ACA,F5,88.74394383
307,ACA,D001779,88.74394383
308,captopril,TBXA2R,88.44771242
309,isoproterenol,MEF2B,88.29918131
310,isoproterenol,ITGB1BP3,88.29918131
311,isoproterenol,MYOD1,88.29918131
312,isoproterenol,MYF6,88.29918131
313,isoproterenol,MYOG,88.29918131
314,isoproterenol,MYF5,88.29918131
315,isoproterenol,MEF2D,88.29918131
316,isoproterenol,MDFI,88.29918131
317,isoproterenol,MDFIC,88.29918131
318,isoproterenol,MEF2A,88.29918131
319,isoproterenol,D017570,88.29918131
320,isoproterenol,D018995,88.29918131
321,isoproterenol,D018006,88.29918131
322,isoproterenol,MEF2C,88.29918131
323,clenbuterol,CLIC1,88.29918131
324,clenbuterol,CLIC3,88.29918131
325,clenbuterol,CLCN6,88.29918131
326,clenbuterol,CLCA2,88.29918131
327,clenbuterol,C4BPA,88.29918131
328,clenbuterol,CLNS1A,88.29918131
329,clenbuterol,CLCN2,88.29918131
330,clenbuterol,CLCN4,88.29918131
331,clenbuterol,CLCN7,88.29918131
332,clenbuterol,CLCA4,88.29918131
333,clenbuterol,CLIC2,88.29918131
334,clenbuterol,CLIC6,88.29918131
335,clenbuterol,VMD2L2,88.29918131
336,clenbuterol,CLCA3,88.29918131
337,clenbuterol,CLCN5,88.29918131
338,clenbuterol,CLIC4,88.29918131
339,clenbuterol,XE7,88.29918131
340,clenbuterol,CLCN1,88.29918131
341,clenbuterol,CLCNKA,88.29918131
342,clenbuterol,D018118,88.29918131
343,clenbuterol,D019908,88.29918131
344,clenbuterol,ENSP00000349456,88.29918131
345,clenbuterol,PLN,88.29918131
346,clenbuterol,CLCNKB,88.29918131
347,clenbuterol,CLCN3,88.29918131
348,captopril,CYP3A4,88.24490404
349,diisopropylfluorophosphate,F13B,88.18394383
350,diisopropylfluorophosphate,RPL29,88.18394383
351,diisopropylfluorophosphate,SERPINB2,88.18394383
352,diisopropylfluorophosphate,F8,88.18394383
353,diisopropylfluorophosphate,F5,88.18394383
354,diisopropylfluorophosphate,D001779,88.18394383
355,reserpine,ENSP00000355401,87.91348264
356,captopril,ENSP00000272190,87.85361403
357,phenylephrine,CLIC1,87.85276661
358,phenylephrine,CLIC3,87.85276661
359,phenylephrine,CLCN6,87.85276661
360,phenylephrine,CLCA2,87.85276661
361,phenylephrine,C4BPA,87.85276661
362,phenylephrine,CLNS1A,87.85276661
363,phenylephrine,CLCN2,87.85276661
364,phenylephrine,CLCN4,87.85276661
365,phenylephrine,CLCN7,87.85276661
366,phenylephrine,CLCA4,87.85276661
367,phenylephrine,CLIC2,87.85276661
368,phenylephrine,CLIC6,87.85276661
369,phenylephrine,VMD2L2,87.85276661
370,phenylephrine,CLCA3,87.85276661
371,phenylephrine,CLCN5,87.85276661
372,phenylephrine,CLIC4,87.85276661
373,phenylephrine,XE7,87.85276661
374,phenylephrine,CLCN1,87.85276661
375,phenylephrine,CLCNKA,87.85276661
376,phenylephrine,D018118,87.85276661
377,phenylephrine,D019908,87.85276661
378,phenylephrine,ENSP00000349456,87.85276661
379,phenylephrine,PLN,87.85276661
380,phenylephrine,CLCNKB,87.85276661
381,phenylephrine,CLCN3,87.85276661
382,minoxidil,CYP3A4,87.21349002
383,verapamil,ADRB1,87.19208881
384,troglitazone,D018797,87.18433788
385,trifluoperazine,CLIC1,87.11965368
386,trifluoperazine,CLIC3,87.11965368
387,trifluoperazine,CLCN6,87.11965368
388,trifluoperazine,CLCA2,87.11965368
389,trifluoperazine,C4BPA,87.11965368
390,trifluoperazine,CLNS1A,87.11965368
391,trifluoperazine,CLCN2,87.11965368
392,trifluoperazine,CLCN4,87.11965368
393,trifluoperazine,CLCN7,87.11965368
394,trifluoperazine,CLCA4,87.11965368
395,trifluoperazine,CLIC2,87.11965368
396,trifluoperazine,CLIC6,87.11965368
397,trifluoperazine,VMD2L2,87.11965368
398,trifluoperazine,CLCA3,87.11965368
399,trifluoperazine,CLCN5,87.11965368
400,trifluoperazine,CLIC4,87.11965368
401,trifluoperazine,XE7,87.11965368
402,trifluoperazine,CLCN1,87.11965368
403,trifluoperazine,CLCNKA,87.11965368
404,trifluoperazine,D018118,87.11965368
405,trifluoperazine,D019908,87.11965368
406,trifluoperazine,ENSP00000349456,87.11965368
407,trifluoperazine,PLN,87.11965368
408,trifluoperazine,CLCNKB,87.11965368
409,trifluoperazine,CLCN3,87.11965368
410,isoproterenol,MYLK2,87.11965368
411,isoproterenol,MYLK,87.11965368
412,isoproterenol,D009219,87.11965368
413,warfarin,D010196,87.09335991
414,camostat mesilate,F13B,86.68394383
415,camostat mesilate,RPL29,86.68394383
416,camostat mesilate,SERPINB2,86.68394383
417,camostat mesilate,F8,86.68394383
418,camostat mesilate,F5,86.68394383
419,camostat mesilate,D001779,86.68394383
420,troglitazone,CDKN1B,86.41295926
421,troglitazone,CDK4,86.41295926
422,troglitazone,CDK2,86.41295926
423,isoproterenol,D003285,85.83605666
424,diazoxide,CYP3A4,85.78721199
425,diazoxide,CYP2C8,85.60868347
426,minoxidil,CYP2C8,85.2452381
427,diisopropylfluorophosphate,ENSP00000334145,84.87283272
428,rapamycin,TNF,84.74615385
429,alprazolam,KCNK12,84.62794258
430,troglitazone,RPS6KC1,84.54737485
431,troglitazone,MSK1,84.54737485
432,troglitazone,RPS6KA6,84.54737485
433,troglitazone,RPS6KA2,84.54737485
434,troglitazone,RPS6KA4,84.54737485
435,troglitazone,PAK2,84.54737485
436,troglitazone,RPS6KA3,84.54737485
437,troglitazone,D019893,84.54737485
438,troglitazone,D020104,84.54737485
439,troglitazone,D021984,84.54737485
440,troglitazone,D019696,84.54737485
441,troglitazone,D010744,84.54737485
442,troglitazone,EIF3S2,84.54737485
443,troglitazone,EIF3S7,84.54737485
444,troglitazone,EIF2C1,84.54737485
445,troglitazone,EIF2C2,84.54737485
446,troglitazone,EIF5,84.54737485
447,troglitazone,RPS6KB1,84.54737485
448,troglitazone,INT6,84.54737485
449,troglitazone,EIF2B1,84.54737485
450,troglitazone,ITGB4BP,84.54737485
451,troglitazone,EIF2S2,84.54737485
452,troglitazone,EIF3S4,84.54737485
453,troglitazone,EIF2S3,84.54737485
454,troglitazone,EIF2S1,84.54737485
455,troglitazone,EIF3S1,84.54737485
456,troglitazone,RHEB,84.54737485
457,troglitazone,EIF4B,84.54737485
458,troglitazone,EIF3S10,84.54737485
459,troglitazone,RPS6KA1,84.54737485
460,troglitazone,EIF4G3,84.54737485
461,troglitazone,WBSCR1,84.54737485
462,troglitazone,EIF2B2,84.54737485
463,troglitazone,EIF2B5,84.54737485
464,troglitazone,EIF3S3,84.54737485
465,troglitazone,EIF4EBP2,84.54737485
466,troglitazone,EIF4E,84.54737485
467,troglitazone,DENR,84.54737485
468,troglitazone,EIF5B,84.54737485
469,troglitazone,EIF1AP1,84.54737485
470,troglitazone,PAIP1,84.54737485
471,troglitazone,EIF4A1,84.54737485
472,troglitazone,RAPTOR,84.54737485
473,troglitazone,EIF3S5,84.54737485
474,troglitazone,EEF2,84.54737485
475,troglitazone,AKT2,84.54737485
476,troglitazone,RPS6KB2,84.54737485
477,troglitazone,EIF1AX,84.54737485
478,troglitazone,EIF3S9,84.54737485
479,troglitazone,EIF4A2,84.54737485
480,troglitazone,CD28,84.54737485
481,troglitazone,EIF4G1,84.54737485
482,troglitazone,KIAA0664,84.54737485
483,troglitazone,EIF3S8,84.54737485
484,troglitazone,EIF4G2,84.54737485
485,troglitazone,EIF2B3,84.54737485
486,troglitazone,RPS6,84.54737485
487,troglitazone,EIF4EBP1,84.54737485
488,troglitazone,EIF2B4,84.54737485
489,troglitazone,EIF5A,84.54737485
490,troglitazone,EIF1AY,84.54737485
491,troglitazone,D012269,84.54737485
492,troglitazone,D007376,84.54737485
493,troglitazone,D010448,84.54737485
494,troglitazone,D018809,84.54737485
495,troglitazone,D039603,84.54737485
496,troglitazone,D019925,84.54737485
497,troglitazone,D039562,84.54737485
498,troglitazone,D038341,84.54737485
499,phenobarbital,PON2,84.46988241
500,phenobarbital,D043303,84.46988241
501,phenylephrine,MEF2B,84.42311294
502,phenylephrine,ITGB1BP3,84.42311294
503,phenylephrine,MYOD1,84.42311294
504,phenylephrine,MYF6,84.42311294
505,phenylephrine,MYOG,84.42311294
506,phenylephrine,MYF5,84.42311294
507,phenylephrine,MEF2D,84.42311294
508,phenylephrine,MDFI,84.42311294
509,phenylephrine,MDFIC,84.42311294
510,phenylephrine,MEF2A,84.42311294
511,phenylephrine,D017570,84.42311294
512,phenylephrine,D018995,84.42311294
513,phenylephrine,D018006,84.42311294
514,phenylephrine,MEF2C,84.42311294
515,phenylephrine,MYLK2,84.11965368
516,phenylephrine,MYLK,84.11965368
517,phenylephrine,D009219,84.11965368
518,verapamil,SLC18A3,84.05353061
519,diisopropylfluorophosphate,CYP2C9,83.83523252
520,warfarin,D011415,83.78980249
521,tamoxifen,RPS6KC1,83.40978836
522,tamoxifen,MSK1,83.40978836
523,tamoxifen,RPS6KA6,83.40978836
524,tamoxifen,RPS6KA2,83.40978836
525,tamoxifen,RPS6KA4,83.40978836
526,tamoxifen,PAK2,83.40978836
527,tamoxifen,RPS6KA3,83.40978836
528,tamoxifen,D019893,83.40978836
529,tamoxifen,D020104,83.40978836
530,tamoxifen,D021984,83.40978836
531,tamoxifen,D019696,83.40978836
532,tamoxifen,D010744,83.40978836
533,tamoxifen,EIF3S2,83.40978836
534,tamoxifen,EIF3S7,83.40978836
535,tamoxifen,EIF2C1,83.40978836
536,tamoxifen,EIF2C2,83.40978836
537,tamoxifen,EIF5,83.40978836
538,tamoxifen,RPS6KB1,83.40978836
539,tamoxifen,INT6,83.40978836
540,tamoxifen,EIF2B1,83.40978836
541,tamoxifen,ITGB4BP,83.40978836
542,tamoxifen,EIF2S2,83.40978836
543,tamoxifen,EIF3S4,83.40978836
544,tamoxifen,EIF2S3,83.40978836
545,tamoxifen,EIF2S1,83.40978836
546,tamoxifen,EIF3S1,83.40978836
547,tamoxifen,RHEB,83.40978836
548,tamoxifen,EIF4B,83.40978836
549,tamoxifen,EIF3S10,83.40978836
550,tamoxifen,RPS6KA1,83.40978836
551,tamoxifen,EIF4G3,83.40978836
552,tamoxifen,WBSCR1,83.40978836
553,tamoxifen,EIF2B2,83.40978836
554,tamoxifen,EIF2B5,83.40978836
555,tamoxifen,EIF3S3,83.40978836
556,tamoxifen,EIF4EBP2,83.40978836
557,tamoxifen,EIF4E,83.40978836
558,tamoxifen,DENR,83.40978836
559,tamoxifen,EIF5B,83.40978836
560,tamoxifen,EIF1AP1,83.40978836
561,tamoxifen,PAIP1,83.40978836
562,tamoxifen,EIF4A1,83.40978836
563,tamoxifen,RAPTOR,83.40978836
564,tamoxifen,EIF3S5,83.40978836
565,tamoxifen,EEF2,83.40978836
566,tamoxifen,AKT2,83.40978836
567,tamoxifen,RPS6KB2,83.40978836
568,tamoxifen,EIF1AX,83.40978836
569,tamoxifen,EIF3S9,83.40978836
570,tamoxifen,EIF4A2,83.40978836
571,tamoxifen,CD28,83.40978836
572,tamoxifen,EIF4G1,83.40978836
573,tamoxifen,KIAA0664,83.40978836
574,tamoxifen,EIF3S8,83.40978836
575,tamoxifen,EIF4G2,83.40978836
576,tamoxifen,EIF2B3,83.40978836
577,tamoxifen,RPS6,83.40978836
578,tamoxifen,EIF4EBP1,83.40978836
579,tamoxifen,EIF2B4,83.40978836
580,tamoxifen,EIF5A,83.40978836
581,tamoxifen,EIF1AY,83.40978836
582,tamoxifen,D012269,83.40978836
583,tamoxifen,D007376,83.40978836
584,tamoxifen,D010448,83.40978836
585,tamoxifen,D018809,83.40978836
586,tamoxifen,D039603,83.40978836
587,tamoxifen,D019925,83.40978836
588,tamoxifen,D039562,83.40978836
589,tamoxifen,D038341,83.40978836
590,rapamycin,CTSD,83.40978836
591,rapamycin,TGFA,83.40978836
592,rapamycin,NCOR2,83.40978836
593,rapamycin,D018975,83.40978836
594,verapamil,ADRB3,83.40859064
595,warfarin,D015951,83.34459707
596,verapamil,ADRB2,83.25576672
597,ACA,D014568,83.18284493
598,repaglinide,ENSP00000272190,83.1522319
599,polyinosinic-polycytidylic acid,TNF,83.14377289
600,rapamycin,BCL2,83.05196655
601,halothane,D020746,83.00092387
602,warfarin,D002918,82.88943834
603,ACA,D002918,82.88943834
604,diazoxide,ENSP00000272190,82.70238095
605,ACA,D010196,82.62277167
606,verapamil,PLOD3,82.58928571
607,verapamil,PLOD2,82.58928571
608,verapamil,D008240,82.58928571
609,verapamil,LLH,82.58928571
610,repaglinide,RALBP1,82.45072904
611,repaglinide,DC5,82.45072904
612,repaglinide,GINS1,82.45072904
613,repaglinide,SEC14L3,82.45072904
614,repaglinide,ABCF2,82.45072904
615,repaglinide,ABCD1,82.45072904
616,repaglinide,ABCB10,82.45072904
617,repaglinide,ABCB7,82.45072904
618,repaglinide,ABCC9,82.45072904
619,repaglinide,ABCC12,82.45072904
620,repaglinide,ABCA7,82.45072904
621,repaglinide,ABCG8,82.45072904
622,repaglinide,ABCB6,82.45072904
623,repaglinide,ABCA12,82.45072904
624,repaglinide,ABCA10,82.45072904
625,repaglinide,ABCA6,82.45072904
626,repaglinide,ABCE1,82.45072904
627,repaglinide,ABCA1,82.45072904
628,repaglinide,ABCG4,82.45072904
629,repaglinide,TAP1,82.45072904
630,repaglinide,ABCA5,82.45072904
631,repaglinide,ABCF1,82.45072904
632,repaglinide,ABCA9,82.45072904
633,repaglinide,ABCC13,82.45072904
634,repaglinide,ABCA13,82.45072904
635,repaglinide,D018528,82.45072904
636,repaglinide,Y1,82.45072904
637,repaglinide,ABCG1,82.45072904
638,repaglinide,ABCA8,82.45072904
639,repaglinide,ABCA2,82.45072904
640,repaglinide,ABCA3,82.45072904
641,repaglinide,ABCB9,82.45072904
642,repaglinide,ABCA4,82.45072904
643,warfarin,PON2,82.43548883
644,warfarin,D043303,82.43548883
645,warfarin,D014568,82.39713065
646,diisopropylfluorophosphate,D014568,82.39713065
647,ACA,D015951,82.34459707
648,diisopropylfluorophosphate,SCT,82.03053999
649,minoxidil,RALBP1,81.9047619
650,minoxidil,DC5,81.9047619
651,minoxidil,GINS1,81.9047619
652,minoxidil,SEC14L3,81.9047619
653,minoxidil,ABCF2,81.9047619
654,minoxidil,ABCD1,81.9047619
655,minoxidil,ABCB10,81.9047619
656,minoxidil,ABCB7,81.9047619
657,minoxidil,ABCC9,81.9047619
658,minoxidil,ABCC12,81.9047619
659,minoxidil,ABCA7,81.9047619
660,minoxidil,ABCG8,81.9047619
661,minoxidil,ABCB6,81.9047619
662,minoxidil,ABCA12,81.9047619
663,minoxidil,ABCA10,81.9047619
664,minoxidil,ABCA6,81.9047619
665,minoxidil,ABCE1,81.9047619
666,minoxidil,ABCA1,81.9047619
667,minoxidil,ABCG4,81.9047619
668,minoxidil,TAP1,81.9047619
669,minoxidil,ABCA5,81.9047619
670,minoxidil,ABCF1,81.9047619
671,minoxidil,ABCA9,81.9047619
672,minoxidil,ABCC13,81.9047619
673,minoxidil,ABCA13,81.9047619
674,minoxidil,D018528,81.9047619
675,minoxidil,Y1,81.9047619
676,minoxidil,ABCG1,81.9047619
677,minoxidil,ABCA8,81.9047619
678,minoxidil,ABCA2,81.9047619
679,minoxidil,ABCA3,81.9047619
680,minoxidil,ABCB9,81.9047619
681,minoxidil,ABCA4,81.9047619
682,camostat mesilate,D002918,81.88943834
683,rapamycin,D020168,81.88313103
684,warfarin,D014357,81.62277167
685,diisopropylfluorophosphate,D014357,81.62277167
686,camostat mesilate,D010196,81.62277167
687,ACA,D014357,81.62277167
688,rapamycin,ABCB5,81.43065998
689,ACA,TGM4,81.37394383
690,repaglinide,PLOD3,81.36904762
691,repaglinide,PLOD2,81.36904762
692,repaglinide,D008240,81.36904762
693,repaglinide,LLH,81.36904762
694,diazoxide,RALBP1,81.36904762
695,diazoxide,DC5,81.36904762
696,diazoxide,GINS1,81.36904762
697,diazoxide,SEC14L3,81.36904762
698,diazoxide,ABCF2,81.36904762
699,diazoxide,ABCD1,81.36904762
700,diazoxide,ABCB10,81.36904762
701,diazoxide,ABCB7,81.36904762
702,diazoxide,ABCC9,81.36904762
703,diazoxide,ABCC12,81.36904762
704,diazoxide,ABCA7,81.36904762
705,diazoxide,ABCG8,81.36904762
706,diazoxide,ABCB6,81.36904762
707,diazoxide,ABCA12,81.36904762
708,diazoxide,ABCA10,81.36904762
709,diazoxide,ABCA6,81.36904762
710,diazoxide,ABCE1,81.36904762
711,diazoxide,ABCA1,81.36904762
712,diazoxide,ABCG4,81.36904762
713,diazoxide,TAP1,81.36904762
714,diazoxide,ABCA5,81.36904762
715,diazoxide,ABCF1,81.36904762
716,diazoxide,ABCA9,81.36904762
717,diazoxide,ABCC13,81.36904762
718,diazoxide,ABCA13,81.36904762
719,diazoxide,D018528,81.36904762
720,diazoxide,Y1,81.36904762
721,diazoxide,ABCG1,81.36904762
722,diazoxide,ABCA8,81.36904762
723,diazoxide,ABCA2,81.36904762
724,diazoxide,ABCA3,81.36904762
725,diazoxide,ABCB9,81.36904762
726,diazoxide,ABCA4,81.36904762
727,diazoxide,PLOD3,81.36904762
728,diazoxide,PLOD2,81.36904762
729,diazoxide,D008240,81.36904762
730,diazoxide,LLH,81.36904762
731,camostat mesilate,D015951,81.34459707
732,glycerophosphocholine,D010196,81.17777778
733,probucol,D001055,81.03734061
734,warfarin,GGH,80.82277167
735,warfarin,DPP7,80.82277167
736,ACA,PON2,80.82277167
737,ACA,D043303,80.82277167
738,ACA,GGH,80.82277167
739,ACA,DPP7,80.82277167
740,ACA,D011415,80.82277167
741,diisopropylfluorophosphate,TGM4,80.73394383
742,diisopropylfluorophosphate,CYP3A4,80.37320834
743,trifluoperazine,MEF2B,80.22571429
744,trifluoperazine,ITGB1BP3,80.22571429
745,trifluoperazine,MYOD1,80.22571429
746,trifluoperazine,MYF6,80.22571429
747,trifluoperazine,MYOG,80.22571429
748,trifluoperazine,MYF5,80.22571429
749,trifluoperazine,MEF2D,80.22571429
750,trifluoperazine,MDFI,80.22571429
751,trifluoperazine,MDFIC,80.22571429
752,trifluoperazine,MEF2A,80.22571429
753,trifluoperazine,D017570,80.22571429
754,trifluoperazine,D018995,80.22571429
755,trifluoperazine,D018006,80.22571429
756,trifluoperazine,MEF2C,80.22571429
757,clenbuterol,MYLK2,80.22571429
758,clenbuterol,MYLK,80.22571429
759,clenbuterol,D009219,80.22571429
760,imatinib,D019938,80
761,warfarin,SCT,79.82277167
762,camostat mesilate,PON2,79.82277167
763,camostat mesilate,D043303,79.82277167
764,camostat mesilate,GGH,79.82277167
765,camostat mesilate,DPP7,79.82277167
766,camostat mesilate,D011415,79.82277167
767,ACA,SCT,79.82277167
768,camostat mesilate,TGM4,79.33394383
769,tacrolimus,RPS6KC1,79.07407407
770,tacrolimus,MSK1,79.07407407
771,tacrolimus,RPS6KA6,79.07407407
772,tacrolimus,RPS6KA2,79.07407407
773,tacrolimus,RPS6KA4,79.07407407
774,tacrolimus,PAK2,79.07407407
775,tacrolimus,RPS6KA3,79.07407407
776,tacrolimus,D019893,79.07407407
777,tacrolimus,D020104,79.07407407
778,tacrolimus,D021984,79.07407407
779,tacrolimus,D019696,79.07407407
780,tacrolimus,D010744,79.07407407
781,tacrolimus,EIF3S2,79.07407407
782,tacrolimus,EIF3S7,79.07407407
783,tacrolimus,EIF2C1,79.07407407
784,tacrolimus,EIF2C2,79.07407407
785,tacrolimus,EIF5,79.07407407
786,tacrolimus,RPS6KB1,79.07407407
787,tacrolimus,INT6,79.07407407
788,tacrolimus,EIF2B1,79.07407407
789,tacrolimus,ITGB4BP,79.07407407
790,tacrolimus,EIF2S2,79.07407407
791,tacrolimus,EIF3S4,79.07407407
792,tacrolimus,EIF2S3,79.07407407
793,tacrolimus,EIF2S1,79.07407407
794,tacrolimus,EIF3S1,79.07407407
795,tacrolimus,RHEB,79.07407407
796,tacrolimus,EIF4B,79.07407407
797,tacrolimus,EIF3S10,79.07407407
798,tacrolimus,RPS6KA1,79.07407407
799,tacrolimus,EIF4G3,79.07407407
800,tacrolimus,WBSCR1,79.07407407
801,tacrolimus,EIF2B2,79.07407407
802,tacrolimus,EIF2B5,79.07407407
803,tacrolimus,EIF3S3,79.07407407
804,tacrolimus,EIF4EBP2,79.07407407
805,tacrolimus,EIF4E,79.07407407
806,tacrolimus,DENR,79.07407407
807,tacrolimus,EIF5B,79.07407407
808,tacrolimus,EIF1AP1,79.07407407
809,tacrolimus,PAIP1,79.07407407
810,tacrolimus,EIF4A1,79.07407407
811,tacrolimus,RAPTOR,79.07407407
812,tacrolimus,EIF3S5,79.07407407
813,tacrolimus,EEF2,79.07407407
814,tacrolimus,AKT2,79.07407407
815,tacrolimus,RPS6KB2,79.07407407
816,tacrolimus,EIF1AX,79.07407407
817,tacrolimus,EIF3S9,79.07407407
818,tacrolimus,EIF4A2,79.07407407
819,tacrolimus,CD28,79.07407407
820,tacrolimus,EIF4G1,79.07407407
821,tacrolimus,KIAA0664,79.07407407
822,tacrolimus,EIF3S8,79.07407407
823,tacrolimus,EIF4G2,79.07407407
824,tacrolimus,EIF2B3,79.07407407
825,tacrolimus,RPS6,79.07407407
826,tacrolimus,EIF4EBP1,79.07407407
827,tacrolimus,EIF2B4,79.07407407
828,tacrolimus,EIF5A,79.07407407
829,tacrolimus,EIF1AY,79.07407407
830,tacrolimus,D012269,79.07407407
831,tacrolimus,D007376,79.07407407
832,tacrolimus,D010448,79.07407407
833,tacrolimus,D018809,79.07407407
834,tacrolimus,D039603,79.07407407
835,tacrolimus,D019925,79.07407407
836,tacrolimus,D039562,79.07407407
837,tacrolimus,D038341,79.07407407
838,rapamycin,D019745,79.07407407
839,diisopropylfluorophosphate,D013925,78.59499389
840,desogestrel,FABP3,78.51983586
841,desogestrel,FABP2,78.51983586
842,desogestrel,FABP1,78.51983586
843,desogestrel,ENSP00000297258,78.51983586
844,desogestrel,FABP5,78.51983586
845,desogestrel,FABP6,78.51983586
846,desogestrel,FABP7,78.51983586
847,desogestrel,D050556,78.51983586
848,tamoxifen,PTK2B,78.4
849,tamoxifen,MAP2K4,78.4
850,tamoxifen,JAK3,78.4
851,tamoxifen,EPHA8,78.4
852,tamoxifen,STYK1,78.4
853,tamoxifen,RB1CC1,78.4
854,tamoxifen,CSK,78.4
855,tamoxifen,SRMS,78.4
856,tamoxifen,JAK2,78.4
857,tamoxifen,EPHB2,78.4
858,tamoxifen,EPHB6,78.4
859,tamoxifen,ITK,78.4
860,tamoxifen,FLT3,78.4
861,tamoxifen,EPHA7,78.4
862,tamoxifen,TEC,78.4
863,tamoxifen,PKMYT1,78.4
864,tamoxifen,RORA,78.4
865,tamoxifen,EPHB3,78.4
866,tamoxifen,EPHA4,78.4
867,tamoxifen,TIE1,78.4
868,tamoxifen,HCK,78.4
869,tamoxifen,SLA2,78.4
870,tamoxifen,LTK,78.4
871,tamoxifen,TYRO3,78.4
872,tamoxifen,TXK,78.4
873,tamoxifen,MAP2K2,78.4
874,tamoxifen,ROS1,78.4
875,tamoxifen,ZAP70,78.4
876,tamoxifen,TYK2,78.4
877,tamoxifen,FER,78.4
878,tamoxifen,ETV6,78.4
879,tamoxifen,EPHA5,78.4
880,tamoxifen,LYN,78.4
881,tamoxifen,EPHA1,78.4
882,tamoxifen,FES,78.4
883,tamoxifen,PKN3,78.4
884,tamoxifen,JAK1,78.4
885,tamoxifen,MAP2K1,78.4
886,tamoxifen,GPR37L1,78.4
887,tamoxifen,MST1R,78.4
888,tamoxifen,RYK,78.4
889,tamoxifen,BMX,78.4
890,tamoxifen,TNK2,78.4
891,tamoxifen,DDR1,78.4
892,tamoxifen,ALK,78.4
893,tamoxifen,FYN,78.4
894,tamoxifen,LCK,78.4
895,tamoxifen,MAP2K3,78.4
896,tamoxifen,EPHB1,78.4
897,tamoxifen,TNNI3K,78.4
898,tamoxifen,AATK,78.4
899,tamoxifen,MAP2K6,78.4
900,tamoxifen,DDR2,78.4
901,tamoxifen,EPHA3,78.4
902,tamoxifen,BTK,78.4
903,tamoxifen,FIP1L1,78.4
904,tamoxifen,NTRKR1,78.4
905,tamoxifen,MATK,78.4
906,tamoxifen,PTK2,78.4
907,tamoxifen,TOM1L1,78.4
908,tamoxifen,TEK,78.4
909,tamoxifen,NUP214,78.4
910,tamoxifen,MAP2K5,78.4
911,tamoxifen,EPHA2,78.4
912,tamoxifen,PTPRT,78.4
913,tamoxifen,YES1,78.4
914,tamoxifen,EPHB4,78.4
915,tamoxifen,SLAP1,78.4
916,tamoxifen,RET,78.4
917,tamoxifen,D011505,78.4
918,tamoxifen,SRC,78.4
919,tamoxifen,CDC42BPB,78.4
920,tamoxifen,D020794,78.4
921,tamoxifen,D017479,78.4
922,tamoxifen,STAT5A,78.4
923,tamoxifen,CRKL,78.4
924,imatinib,CTSD,78.4
925,imatinib,TGFA,78.4
926,imatinib,NCOR2,78.4
927,imatinib,D018975,78.4
928,imatinib,RPS6KC1,78.4
929,imatinib,MSK1,78.4
930,imatinib,RPS6KA6,78.4
931,imatinib,RPS6KA2,78.4
932,imatinib,RPS6KA4,78.4
933,imatinib,PAK2,78.4
934,imatinib,RPS6KA3,78.4
935,imatinib,D019893,78.4
936,imatinib,D020104,78.4
937,imatinib,D021984,78.4
938,imatinib,D019696,78.4
939,imatinib,D010744,78.4
940,imatinib,EIF3S2,78.4
941,imatinib,EIF3S7,78.4
942,imatinib,EIF2C1,78.4
943,imatinib,EIF2C2,78.4
944,imatinib,EIF5,78.4
945,imatinib,RPS6KB1,78.4
946,imatinib,INT6,78.4
947,imatinib,EIF2B1,78.4
948,imatinib,ITGB4BP,78.4
949,imatinib,EIF2S2,78.4
950,imatinib,EIF3S4,78.4
951,imatinib,EIF2S3,78.4
952,imatinib,EIF2S1,78.4
953,imatinib,EIF3S1,78.4
954,imatinib,RHEB,78.4
955,imatinib,EIF4B,78.4
956,imatinib,EIF3S10,78.4
957,imatinib,RPS6KA1,78.4
958,imatinib,EIF4G3,78.4
959,imatinib,WBSCR1,78.4
960,imatinib,EIF2B2,78.4
961,imatinib,EIF2B5,78.4
962,imatinib,EIF3S3,78.4
963,imatinib,EIF4EBP2,78.4
964,imatinib,EIF4E,78.4
965,imatinib,DENR,78.4
966,imatinib,EIF5B,78.4
967,imatinib,EIF1AP1,78.4
968,imatinib,PAIP1,78.4
969,imatinib,EIF4A1,78.4
970,imatinib,RAPTOR,78.4
971,imatinib,EIF3S5,78.4
972,imatinib,EEF2,78.4
973,imatinib,AKT2,78.4
974,imatinib,RPS6KB2,78.4
975,imatinib,EIF1AX,78.4
976,imatinib,EIF3S9,78.4
977,imatinib,EIF4A2,78.4
978,imatinib,CD28,78.4
979,imatinib,EIF4G1,78.4
980,imatinib,KIAA0664,78.4
981,imatinib,EIF3S8,78.4
982,imatinib,EIF4G2,78.4
983,imatinib,EIF2B3,78.4
984,imatinib,RPS6,78.4
985,imatinib,EIF4EBP1,78.4
986,imatinib,EIF2B4,78.4
987,imatinib,EIF5A,78.4
988,imatinib,EIF1AY,78.4
989,imatinib,D012269,78.4
990,imatinib,D007376,78.4
991,imatinib,D010448,78.4
992,imatinib,D018809,78.4
993,imatinib,D039603,78.4
994,imatinib,D019925,78.4
995,imatinib,D039562,78.4
996,imatinib,D038341,78.4
997,rapamycin,PTK2B,78.4
998,rapamycin,MAP2K4,78.4
999,rapamycin,JAK3,78.4
1000,rapamycin,EPHA8,78.4
